,MAE,MSE,RMSE,R2
Linear Regression,14.004107898462118,436.7621272622183,20.898854687810484,0.9608621482697872
Random Forest,13.311898215774713,310.15052646592835,17.611091007258135,0.9722076971394928
XGBoost,10.798457797937012,209.82394719449334,14.485301073657162,0.981197869453054
CatBoost,11.044679517761779,228.09535879554682,15.102826185702689,0.9795605850973196
LightGBM,10.877818310447676,212.71514429823927,14.584757258804114,0.980938791944941
Gradient Boosting,12.464652326825792,282.92413896064164,16.82034895478217,0.9746474286336375
